value,change
-1791961000000,
-2882084000000,0.608340806524249
-3402302000000,0.18050063773297387
-1898374000000,-0.44203248271317475
1655559000000,-1.872093170260444
4192617000000,1.532447952625065
