value,change
2433534000000,
668547000000,-0.7252773127476337
640178000000,-0.0424338154235977
4306131000000,5.726458891120907
9389198000000,1.1804255374488144
11098805000000,0.18208232481624087
